{"v":"5.8.1","fr":30,"ip":0,"op":393,"w":540,"h":960,"nm":"#template 11","ddd":0,"assets":[{"id":"image_0","w":540,"h":960,"u":"images/","p":"img_0.jpg","e":0},{"id":"image_1","w":540,"h":960,"u":"images/","p":"img_1.jpg","e":0}],"layers":[{"ddd":0,"ind":1,"ty":2,"nm":"img_0.png","cl":"png","refId":"image_0","sr":1,"ks":{"o":{"a":1,"k":[{"i":{"x":[0.833],"y":[0.833]},"o":{"x":[0.167],"y":[0.167]},"t":0,"s":[0]},{"i":{"x":[0.833],"y":[0.833]},"o":{"x":[0.167],"y":[0.167]},"t":29,"s":[71]},{"i":{"x":[0.833],"y":[0.833]},"o":{"x":[0.167],"y":[0.167]},"t":190,"s":[78]},{"t":210,"s":[0]}],"ix":11},"r":{"a":0,"k":0,"ix":10},"p":{"a":0,"k":[270,480,0],"ix":2,"l":2},"a":{"a":0,"k":[270,480,0],"ix":1,"l":2},"s":{"a":1,"k":[{"i":{"x":[0.667,0.667,0.667],"y":[1,1,1]},"o":{"x":[0.277,0.277,0.333],"y":[0,0,0]},"t":0,"s":[121,121,100]},{"i":{"x":[0.833,0.833,0.833],"y":[0.833,0.833,2.339]},"o":{"x":[0.575,0.575,0.333],"y":[0,0,0]},"t":29,"s":[121,121,100]},{"t":220,"s":[100,100,100]}],"ix":6,"l":2}},"ao":0,"ip":0,"op":393,"st":0,"bm":0},{"ddd":0,"ind":2,"ty":2,"nm":"img_1.png","cl":"png","refId":"image_1","sr":1,"ks":{"o":{"a":1,"k":[{"i":{"x":[0.833],"y":[0.833]},"o":{"x":[0.167],"y":[0.167]},"t":190,"s":[0]},{"i":{"x":[0.833],"y":[0.833]},"o":{"x":[0.167],"y":[0.167]},"t":221,"s":[61]},{"i":{"x":[0.833],"y":[0.833]},"o":{"x":[0.167],"y":[0.167]},"t":281,"s":[100]},{"i":{"x":[0.833],"y":[0.833]},"o":{"x":[0.167],"y":[0.167]},"t":362,"s":[72]},{"i":{"x":[0.833],"y":[0.833]},"o":{"x":[0.167],"y":[0.167]},"t":440,"s":[100]},{"t":457,"s":[0]}],"ix":11},"r":{"a":1,"k":[{"i":{"x":[0.833],"y":[0.833]},"o":{"x":[0.167],"y":[0.167]},"t":191,"s":[0]},{"t":457,"s":[16]}],"ix":10},"p":{"a":1,"k":[{"i":{"x":0.833,"y":0.833},"o":{"x":0.167,"y":0.167},"t":191,"s":[270,480,0],"to":[-7,40,0],"ti":[7,-40,0]},{"t":457,"s":[228,720,0]}],"ix":2,"l":2},"a":{"a":0,"k":[270,480,0],"ix":1,"l":2},"s":{"a":1,"k":[{"i":{"x":[0.833,0.833,0.833],"y":[0.833,0.833,0.833]},"o":{"x":[0.167,0.167,0.167],"y":[0.167,0.167,0.167]},"t":191,"s":[100,100,100]},{"t":457,"s":[161,161,100]}],"ix":6,"l":2}},"ao":0,"ip":190,"op":583,"st":190,"bm":0}],"markers":[]}