{
  "v": "5.7.4",
  "fr": 30,
  "ip": 0,
  "op": 510,
  "w": 560,
  "h": 960,
  "nm": "Comp 1",
  "ddd": 0,
  "assets": [
    {
      "id": "image_3",
      "w": 560,
      "h": 960,
      "u": "images/",
      "p": "img_3.png",
      "e": 0
    },
    {
      "id": "image_2",
      "w": 560,
      "h": 960,
      "u": "images/",
      "p": "img_2.png",
      "e": 0
    },
    {
      "id": "image_1",
      "w": 560,
      "h": 960,
      "u": "images/",
      "p": "img_1.png",
      "e": 0
    },
    {
      "id": "image_0",
      "w": 560,
      "h": 960,
      "u": "images/",
      "p": "img_0.png",
      "e": 0
    }
  ],
  "layers": [
    {
      "ddd": 0,
      "ind": 1,
      "ty": 2,
      "nm": "img_0.png",
      "cl": "png",
      "refId": "image_0",
      "sr": 1,
      "ks": {
        "o": {
          "a": 0,
          "k": 100,
          "ix": 11
        },
        "r": {
          "a": 0,
          "k": 0,
          "ix": 10
        },
        "p": {
          "a": 0,
          "k": [
            280,
            480,
            0
          ],
          "ix": 2,
          "l": 2
        },
        "a": {
          "a": 0,
          "k": [
            280,
            480,
            0
          ],
          "ix": 1,
          "l": 2
        },
        "s": {
          "a": 1,
          "k": [
            {
              "i": {
                "x": [
                  0.691,
                  0.691,
                  0.833
                ],
                "y": [
                  0.998,
                  0.998,
                  26
                ]
              },
              "o": {
                "x": [
                  0.02,
                  0.02,
                  0.167
                ],
                "y": [
                  0.876,
                  0.876,
                  -25
                ]
              },
              "t": 157,
              "s": [
                200,
                200,
                100
              ]
            },
            {
              "i": {
                "x": [
                  0.691,
                  0.691,
                  0.833
                ],
                "y": [
                  1,
                  1,
                  1
                ]
              },
              "o": {
                "x": [
                  0,
                  0,
                  0
                ],
                "y": [
                  0,
                  0,
                  0
                ]
              },
              "t": 172,
              "s": [
                100,
                100,
                100
              ]
            },
            {
              "i": {
                "x": [
                  1,
                  1,
                  1
                ],
                "y": [
                  1,
                  1,
                  1
                ]
              },
              "o": {
                "x": [
                  0,
                  0,
                  0
                ],
                "y": [
                  0,
                  0,
                  0
                ]
              },
              "t": 225,
              "s": [
                100,
                100,
                100
              ]
            },
            {
              "t": 240,
              "s": [
                200,
                200,
                100
              ]
            }
          ],
          "ix": 6,
          "l": 2
        }
      },
      "ao": 0,
      "ip": 157,
      "op": 240,
      "st": 0,
      "bm": 0
    },
    {
      "ddd": 0,
      "ind": 2,
      "ty": 2,
      "nm": "img_1.png",
      "cl": "png",
      "refId": "image_1",
      "sr": 1,
      "ks": {
        "o": {
          "a": 0,
          "k": 100,
          "ix": 11
        },
        "r": {
          "a": 0,
          "k": 0,
          "ix": 10
        },
        "p": {
          "a": 0,
          "k": [
            280,
            480,
            0
          ],
          "ix": 2,
          "l": 2
        },
        "a": {
          "a": 0,
          "k": [
            280,
            480,
            0
          ],
          "ix": 1,
          "l": 2
        },
        "s": {
          "a": 1,
          "k": [
            {
              "i": {
                "x": [
                  0.691,
                  0.691,
                  0.833
                ],
                "y": [
                  0.998,
                  0.998,
                  1
                ]
              },
              "o": {
                "x": [
                  0.02,
                  0.02,
                  0.167
                ],
                "y": [
                  0.876,
                  0.876,
                  0
                ]
              },
              "t": 240,
              "s": [
                200,
                200,
                100
              ]
            },
            {
              "i": {
                "x": [
                  0.691,
                  0.691,
                  0.833
                ],
                "y": [
                  1,
                  1,
                  1
                ]
              },
              "o": {
                "x": [
                  0,
                  0,
                  0
                ],
                "y": [
                  0,
                  0,
                  0
                ]
              },
              "t": 255,
              "s": [
                100,
                100,
                100
              ]
            },
            {
              "i": {
                "x": [
                  1,
                  1,
                  1
                ],
                "y": [
                  1,
                  1,
                  1
                ]
              },
              "o": {
                "x": [
                  0,
                  0,
                  0
                ],
                "y": [
                  0,
                  0,
                  0
                ]
              },
              "t": 335,
              "s": [
                100,
                100,
                100
              ]
            },
            {
              "t": 350,
              "s": [
                200,
                200,
                100
              ]
            }
          ],
          "ix": 6,
          "l": 2
        }
      },
      "ao": 0,
      "ip": 240,
      "op": 350,
      "st": 0,
      "bm": 0
    },
    {
      "ddd": 0,
      "ind": 3,
      "ty": 2,
      "nm": "img_2.png",
      "cl": "png",
      "refId": "image_2",
      "sr": 1,
      "ks": {
        "o": {
          "a": 0,
          "k": 100,
          "ix": 11
        },
        "r": {
          "a": 0,
          "k": 0,
          "ix": 10
        },
        "p": {
          "a": 0,
          "k": [
            280,
            480,
            0
          ],
          "ix": 2,
          "l": 2
        },
        "a": {
          "a": 0,
          "k": [
            280,
            480,
            0
          ],
          "ix": 1,
          "l": 2
        },
        "s": {
          "a": 1,
          "k": [
            {
              "i": {
                "x": [
                  0.691,
                  0.691,
                  0.833
                ],
                "y": [
                  0.998,
                  0.998,
                  1
                ]
              },
              "o": {
                "x": [
                  0.02,
                  0.02,
                  0.167
                ],
                "y": [
                  0.876,
                  0.876,
                  0
                ]
              },
              "t": 350,
              "s": [
                200,
                200,
                100
              ]
            },
            {
              "i": {
                "x": [
                  0.691,
                  0.691,
                  0.833
                ],
                "y": [
                  1,
                  1,
                  1
                ]
              },
              "o": {
                "x": [
                  0,
                  0,
                  0
                ],
                "y": [
                  0,
                  0,
                  0
                ]
              },
              "t": 365,
              "s": [
                100,
                100,
                100
              ]
            },
            {
              "i": {
                "x": [
                  1,
                  1,
                  1
                ],
                "y": [
                  1,
                  1,
                  1
                ]
              },
              "o": {
                "x": [
                  0,
                  0,
                  0
                ],
                "y": [
                  0,
                  0,
                  0
                ]
              },
              "t": 449,
              "s": [
                100,
                100,
                100
              ]
            },
            {
              "t": 464,
              "s": [
                200,
                200,
                100
              ]
            }
          ],
          "ix": 6,
          "l": 2
        }
      },
      "ao": 0,
      "ip": 350,
      "op": 465,
      "st": 0,
      "bm": 0
    },
    {
      "ddd": 0,
      "ind": 4,
      "ty": 2,
      "nm": "img_3.png",
      "cl": "png",
      "refId": "image_3",
      "sr": 1,
      "ks": {
        "o": {
          "a": 0,
          "k": 100,
          "ix": 11
        },
        "r": {
          "a": 0,
          "k": 0,
          "ix": 10
        },
        "p": {
          "a": 0,
          "k": [
            280,
            480,
            0
          ],
          "ix": 2,
          "l": 2
        },
        "a": {
          "a": 0,
          "k": [
            280,
            480,
            0
          ],
          "ix": 1,
          "l": 2
        },
        "s": {
          "a": 1,
          "k": [
            {
              "i": {
                "x": [
                  0.691,
                  0.691,
                  0.833
                ],
                "y": [
                  0.998,
                  0.998,
                  1
                ]
              },
              "o": {
                "x": [
                  0.02,
                  0.02,
                  0.167
                ],
                "y": [
                  0.876,
                  0.876,
                  0
                ]
              },
              "t": 465,
              "s": [
                200,
                200,
                100
              ]
            },
            {
              "t": 480,
              "s": [
                100,
                100,
                100
              ]
            }
          ],
          "ix": 6,
          "l": 2
        }
      },
      "ao": 0,
      "ip": 465,
      "op": 510,
      "st": 0,
      "bm": 0
    }
  ],
  "markers": [],
  "ver": 1,
  "rdsetting": {
    "music": {
      "fileName": "music.mp3"
    },
    "effects": [
      {
        "filter": "mask",
        "fileName": "mask.mp4",
        "repeat": 0
      }
    ]
  }

}