{"v":"5.7.14","fr":30,"ip":0,"op":577,"w":560,"h":960,"nm":"Tujhse Hi Shuru","ddd":0,"assets":[{"id":"image_0","w":560,"h":960,"u":"images/","p":"img_0.jpg","e":0}],"layers":[{"ddd":0,"ind":1,"ty":2,"nm":"luobulinka-FO4mQZi1c0M-unsplash-min.jpg","cl":"jpg","refId":"image_0","sr":1,"ks":{"o":{"a":0,"k":100,"ix":11},"r":{"a":0,"k":0,"ix":10},"p":{"a":1,"k":[{"i":{"x":0.71,"y":1},"o":{"x":0.29,"y":0},"t":0,"s":[280,480,0],"to":[-4,6.667,0],"ti":[-3.333,-3.333,0]},{"i":{"x":0.71,"y":1},"o":{"x":0.29,"y":0},"t":30,"s":[256,520,0],"to":[3.333,3.333,0],"ti":[-0.667,7.333,0]},{"i":{"x":0.71,"y":1},"o":{"x":0.29,"y":0},"t":65,"s":[300,500,0],"to":[0.667,-7.333,0],"ti":[2.667,-2.667,0]},{"i":{"x":0.71,"y":1},"o":{"x":0.29,"y":0},"t":108,"s":[260,476,0],"to":[-2.667,2.667,0],"ti":[-4,-6.667,0]},{"i":{"x":0.71,"y":1},"o":{"x":0.29,"y":0},"t":151,"s":[284,516,0],"to":[4,6.667,0],"ti":[4,-6.667,0]},{"i":{"x":0.71,"y":1},"o":{"x":0.29,"y":0},"t":191,"s":[280,480,0],"to":[-4,6.667,0],"ti":[-3.333,-3.333,0]},{"i":{"x":0.71,"y":1},"o":{"x":0.29,"y":0},"t":230,"s":[256,520,0],"to":[3.333,3.333,0],"ti":[-0.667,7.333,0]},{"i":{"x":0.71,"y":1},"o":{"x":0.29,"y":0},"t":267,"s":[300,500,0],"to":[0.667,-7.333,0],"ti":[2.667,-2.667,0]},{"i":{"x":0.71,"y":1},"o":{"x":0.29,"y":0},"t":304,"s":[260,476,0],"to":[-2.667,2.667,0],"ti":[-4,-6.667,0]},{"i":{"x":0.71,"y":1},"o":{"x":0.29,"y":0},"t":343,"s":[284,516,0],"to":[4,6.667,0],"ti":[4,-6.667,0]},{"i":{"x":0.71,"y":1},"o":{"x":0.29,"y":0},"t":377,"s":[280,480,0],"to":[-4,6.667,0],"ti":[-3.333,-3.333,0]},{"i":{"x":0.71,"y":1},"o":{"x":0.29,"y":0},"t":407,"s":[256,520,0],"to":[3.333,3.333,0],"ti":[-0.667,7.333,0]},{"i":{"x":0.71,"y":1},"o":{"x":0.29,"y":0},"t":442,"s":[300,500,0],"to":[0.667,-7.333,0],"ti":[2.667,-2.667,0]},{"i":{"x":0.71,"y":1},"o":{"x":0.29,"y":0},"t":485,"s":[260,476,0],"to":[-2.667,2.667,0],"ti":[-4,-6.667,0]},{"i":{"x":0.71,"y":1},"o":{"x":0.29,"y":0},"t":528,"s":[284,516,0],"to":[4,6.667,0],"ti":[4,-6.667,0]},{"i":{"x":0.71,"y":1},"o":{"x":0.29,"y":0},"t":568,"s":[280,480,0],"to":[-4,6.667,0],"ti":[-3.333,-3.333,0]},{"i":{"x":0.71,"y":1},"o":{"x":0.29,"y":0},"t":607,"s":[256,520,0],"to":[3.333,3.333,0],"ti":[-0.667,7.333,0]},{"i":{"x":0.71,"y":1},"o":{"x":0.29,"y":0},"t":644,"s":[300,500,0],"to":[0.667,-7.333,0],"ti":[2.667,-2.667,0]},{"i":{"x":0.71,"y":1},"o":{"x":0.29,"y":0},"t":681,"s":[260,476,0],"to":[-2.667,2.667,0],"ti":[-4,-6.667,0]},{"t":717,"s":[284,516,0]}],"ix":2,"l":2},"a":{"a":0,"k":[280,480,0],"ix":1,"l":2},"s":{"a":1,"k":[{"i":{"x":[0.59,0.59,0.59],"y":[1,1,1]},"o":{"x":[0.41,0.41,0.41],"y":[0,0,0]},"t":26,"s":[111.504,111.504,100]},{"i":{"x":[0.59,0.59,0.59],"y":[1,1,1]},"o":{"x":[0.41,0.41,0.41],"y":[0,0,0]},"t":31,"s":[114,114,100]},{"i":{"x":[0.833,0.833,0.833],"y":[1,1,1]},"o":{"x":[0.167,0.167,0.167],"y":[0,0,0]},"t":37,"s":[111,111,100]},{"i":{"x":[0.59,0.59,0.59],"y":[1,1,1]},"o":{"x":[0.41,0.41,0.41],"y":[0,0,0]},"t":79,"s":[111.504,111.504,100]},{"i":{"x":[0.59,0.59,0.59],"y":[1,1,1]},"o":{"x":[0.41,0.41,0.41],"y":[0,0,0]},"t":84,"s":[114,114,100]},{"i":{"x":[0.833,0.833,0.833],"y":[1,1,1]},"o":{"x":[0.167,0.167,0.167],"y":[0,0,0]},"t":90,"s":[111,111,100]},{"i":{"x":[0.59,0.59,0.59],"y":[1,1,1]},"o":{"x":[0.41,0.41,0.41],"y":[0,0,0]},"t":115,"s":[111.504,111.504,100]},{"i":{"x":[0.59,0.59,0.59],"y":[1,1,1]},"o":{"x":[0.41,0.41,0.41],"y":[0,0,0]},"t":120,"s":[114,114,100]},{"i":{"x":[0.833,0.833,0.833],"y":[1,1,1]},"o":{"x":[0.167,0.167,0.167],"y":[0,0,0]},"t":126,"s":[111,111,100]},{"i":{"x":[0.59,0.59,0.59],"y":[1,1,1]},"o":{"x":[0.41,0.41,0.41],"y":[0,0,0]},"t":166,"s":[111.504,111.504,100]},{"i":{"x":[0.59,0.59,0.59],"y":[1,1,1]},"o":{"x":[0.41,0.41,0.41],"y":[0,0,0]},"t":171,"s":[114,114,100]},{"i":{"x":[0.833,0.833,0.833],"y":[1,1,1]},"o":{"x":[0.167,0.167,0.167],"y":[0,0,0]},"t":177,"s":[111,111,100]},{"i":{"x":[0.59,0.59,0.59],"y":[1,1,1]},"o":{"x":[0.41,0.41,0.41],"y":[0,0,0]},"t":199,"s":[111.504,111.504,100]},{"i":{"x":[0.59,0.59,0.59],"y":[1,1,1]},"o":{"x":[0.41,0.41,0.41],"y":[0,0,0]},"t":204,"s":[114,114,100]},{"i":{"x":[0.833,0.833,0.833],"y":[1,1,1]},"o":{"x":[0.167,0.167,0.167],"y":[0,0,0]},"t":210,"s":[111,111,100]},{"i":{"x":[0.59,0.59,0.59],"y":[1,1,1]},"o":{"x":[0.41,0.41,0.41],"y":[0,0,0]},"t":252,"s":[111.504,111.504,100]},{"i":{"x":[0.59,0.59,0.59],"y":[1,1,1]},"o":{"x":[0.41,0.41,0.41],"y":[0,0,0]},"t":257,"s":[114,114,100]},{"i":{"x":[0.833,0.833,0.833],"y":[1,1,1]},"o":{"x":[0.167,0.167,0.167],"y":[0,0,0]},"t":263,"s":[111,111,100]},{"i":{"x":[0.59,0.59,0.59],"y":[1,1,1]},"o":{"x":[0.41,0.41,0.41],"y":[0,0,0]},"t":285,"s":[111.504,111.504,100]},{"i":{"x":[0.59,0.59,0.59],"y":[1,1,1]},"o":{"x":[0.41,0.41,0.41],"y":[0,0,0]},"t":290,"s":[114,114,100]},{"i":{"x":[0.833,0.833,0.833],"y":[1,1,1]},"o":{"x":[0.167,0.167,0.167],"y":[0,0,0]},"t":296,"s":[111,111,100]},{"i":{"x":[0.59,0.59,0.59],"y":[1,1,1]},"o":{"x":[0.41,0.41,0.41],"y":[0,0,0]},"t":337,"s":[111.504,111.504,100]},{"i":{"x":[0.59,0.59,0.59],"y":[1,1,1]},"o":{"x":[0.41,0.41,0.41],"y":[0,0,0]},"t":342,"s":[114,114,100]},{"t":348,"s":[111,111,100]}],"ix":6,"l":2}},"ao":0,"ip":0,"op":611,"st":0,"bm":0}],"markers":[]}