{
  "v": "5.7.1",
  "fr": 30,
  "ip": 0,
  "op": 510,
  "w": 560,
  "h": 960,
  "nm": "ps file",
  "ddd": 0,
  "assets": [
    {
      "id": "image_0",
      "w": 400,
      "h": 538,
      "u": "images/",
      "p": "img_0.png",
      "e": 0
    }
  ],
  "layers": [
    {
      "ddd": 0,
      "ind": 1,
      "ty": 2,
      "nm": "img_0.png",
      "cl": "png",
      "refId": "image_0",
      "sr": 1,
      "ks": {
        "o": {
          "a": 1,
          "k": [
            {
              "i": {
                "x": [
                  0.833
                ],
                "y": [
                  0.833
                ]
              },
              "o": {
                "x": [
                  0.167
                ],
                "y": [
                  0.167
                ]
              },
              "t": 30,
              "s": [
                0
              ]
            },
            {
              "t": 90,
              "s": [
                100
              ]
            }
          ],
          "ix": 11
        },
        "r": {
          "a": 1,
          "k": [
            {
              "i": {
                "x": [
                  0.833
                ],
                "y": [
                  0.833
                ]
              },
              "o": {
                "x": [
                  0.167
                ],
                "y": [
                  0.167
                ]
              },
              "t": 90,
              "s": [
                12
              ]
            },
            {
              "t": 479,
              "s": [
                -12
              ]
            }
          ],
          "ix": 10
        },
        "p": {
          "a": 0,
          "k": [
            280,
            520,
            0
          ],
          "ix": 2
        },
        "a": {
          "a": 0,
          "k": [
            200,
            269,
            0
          ],
          "ix": 1
        },
        "s": {
          "a": 0,
          "k": [
            102,
            102,
            100
          ],
          "ix": 6
        }
      },
      "ao": 0,
      "ip": 0,
      "op": 512,
      "st": 0,
      "bm": 0
    }
  ],
  "markers": [],
  "ver": 1,
  "rdsetting": {
    "music": {
      "fileName": "music.mp3"
    },
    "effects": [
      {
        "filter": "mask",
        "fileName": "mask.mp4",
        "repeat": 0
      }
    ]
  }

}