{"v":"5.8.1","fr":30,"ip":0,"op":540,"w":540,"h":960,"nm":"#template 9","ddd":0,"assets":[{"id":"image_0","w":540,"h":960,"u":"images/","p":"img_0.jpg","e":0},{"id":"image_1","w":540,"h":960,"u":"images/","p":"img_1.jpg","e":0},{"id":"image_2","w":540,"h":960,"u":"images/","p":"img_2.jpg","e":0}],"layers":[{"ddd":0,"ind":1,"ty":2,"nm":"img_0.jpg","cl":"jpg","refId":"image_0","sr":1,"ks":{"o":{"a":0,"k":100,"ix":11},"r":{"a":1,"k":[{"i":{"x":[0.667],"y":[1]},"o":{"x":[0.333],"y":[0]},"t":-2,"s":[8]},{"i":{"x":[0.667],"y":[1]},"o":{"x":[0.333],"y":[0]},"t":13,"s":[-6]},{"i":{"x":[0.667],"y":[1]},"o":{"x":[0.333],"y":[0]},"t":31,"s":[4]},{"i":{"x":[0.667],"y":[1]},"o":{"x":[0.333],"y":[0]},"t":49,"s":[-2]},{"t":64,"s":[0]}],"ix":10},"p":{"s":true,"x":{"a":1,"k":[{"i":{"x":[0.667],"y":[1]},"o":{"x":[0.333],"y":[0]},"t":-2,"s":[800]},{"i":{"x":[0.667],"y":[1]},"o":{"x":[0.333],"y":[0]},"t":11,"s":[689]},{"i":{"x":[0.667],"y":[1]},"o":{"x":[0.333],"y":[0]},"t":29,"s":[836]},{"i":{"x":[0.654],"y":[0.97]},"o":{"x":[0.319],"y":[0]},"t":48,"s":[706]},{"i":{"x":[0.832],"y":[1]},"o":{"x":[0.364],"y":[0.463]},"t":62,"s":[831.803]},{"t":178,"s":[902]}],"ix":3},"y":{"a":1,"k":[{"i":{"x":[0.667],"y":[1]},"o":{"x":[0.333],"y":[0]},"t":-2,"s":[540]},{"i":{"x":[0.667],"y":[1]},"o":{"x":[0.333],"y":[0]},"t":11,"s":[516]},{"i":{"x":[0.667],"y":[1]},"o":{"x":[0.333],"y":[0]},"t":29,"s":[566]},{"i":{"x":[0.667],"y":[1]},"o":{"x":[0.333],"y":[0]},"t":48,"s":[543]},{"t":62,"s":[540]}],"ix":4}},"a":{"a":0,"k":[813,520,0],"ix":1,"l":2},"s":{"a":1,"k":[{"i":{"x":[0.833,0.833,0.833],"y":[0.833,0.833,0.833]},"o":{"x":[0.167,0.167,0.167],"y":[0.167,0.167,0.167]},"t":48,"s":[100,100,100]},{"t":178,"s":[119,119,100]}],"ix":6,"l":2}},"ao":0,"ip":-2,"op":179,"st":-361,"bm":0},{"ddd":0,"ind":2,"ty":2,"nm":"img_1.jpg","cl":"jpg","refId":"image_1","sr":1,"ks":{"o":{"a":0,"k":100,"ix":11},"r":{"a":1,"k":[{"i":{"x":[0.667],"y":[1]},"o":{"x":[0.333],"y":[0]},"t":154,"s":[13]},{"i":{"x":[0.667],"y":[1]},"o":{"x":[0.333],"y":[0]},"t":160,"s":[-9]},{"i":{"x":[0.667],"y":[1]},"o":{"x":[0.333],"y":[0]},"t":179,"s":[5]},{"i":{"x":[0.833],"y":[1]},"o":{"x":[0.333],"y":[0]},"t":195,"s":[-3]},{"t":333,"s":[0]}],"ix":10},"p":{"a":1,"k":[{"i":{"x":0.667,"y":1},"o":{"x":0.333,"y":0},"t":154,"s":[444,296,0],"to":[101,70.667,0],"ti":[-55.667,-41.167,0]},{"i":{"x":0.667,"y":1},"o":{"x":0.333,"y":0},"t":169,"s":[1050,720,0],"to":[55.667,41.167,0],"ti":[15,30,0]},{"i":{"x":0.667,"y":1},"o":{"x":0.333,"y":0},"t":186,"s":[778,543,0],"to":[-15,-30,0],"ti":[-42.167,0.5,0]},{"i":{"x":0.667,"y":1},"o":{"x":0.333,"y":0},"t":204,"s":[960,540,0],"to":[42.167,-0.5,0],"ti":[-11.833,0,0]},{"t":333,"s":[1031,540,0]}],"ix":2,"l":2},"a":{"a":0,"k":[946,565,0],"ix":1,"l":2},"s":{"a":1,"k":[{"i":{"x":[0.833,0.833,0.833],"y":[0.833,0.833,0.833]},"o":{"x":[0.167,0.167,0.167],"y":[0.167,0.167,0.167]},"t":202,"s":[100,100,100]},{"t":333,"s":[111,111,100]}],"ix":6,"l":2}},"ao":0,"ip":154,"op":333,"st":154,"bm":0},{"ddd":0,"ind":3,"ty":2,"nm":"img_2.jpg","cl":"jpg","refId":"image_2","sr":1,"ks":{"o":{"a":0,"k":100,"ix":11},"r":{"a":1,"k":[{"i":{"x":[0.667],"y":[1]},"o":{"x":[0.333],"y":[0]},"t":334,"s":[0]},{"i":{"x":[0.667],"y":[1]},"o":{"x":[0.333],"y":[0]},"t":338,"s":[4]},{"i":{"x":[0.667],"y":[1]},"o":{"x":[0.333],"y":[0]},"t":348,"s":[-4]},{"i":{"x":[0.667],"y":[1]},"o":{"x":[0.333],"y":[0]},"t":360,"s":[6]},{"i":{"x":[0.833],"y":[1]},"o":{"x":[0.333],"y":[0]},"t":372,"s":[-4]},{"t":523,"s":[0]}],"ix":10},"p":{"s":true,"x":{"a":1,"k":[{"i":{"x":[0.667],"y":[1]},"o":{"x":[0.333],"y":[0]},"t":334,"s":[60]},{"i":{"x":[0.667],"y":[1]},"o":{"x":[0.333],"y":[0]},"t":344.01,"s":[-5.074]},{"i":{"x":[0.667],"y":[1]},"o":{"x":[0.333],"y":[0]},"t":355,"s":[50]},{"i":{"x":[0.667],"y":[1]},"o":{"x":[0.333],"y":[0]},"t":366,"s":[3.926]},{"t":378,"s":[50]}],"ix":3},"y":{"a":1,"k":[{"i":{"x":[0.667],"y":[1]},"o":{"x":[0.333],"y":[0]},"t":334,"s":[-50]},{"i":{"x":[0.667],"y":[1]},"o":{"x":[0.333],"y":[0]},"t":341,"s":[14.683]},{"i":{"x":[0.667],"y":[1]},"o":{"x":[0.333],"y":[0]},"t":351,"s":[-34.317]},{"i":{"x":[0.667],"y":[1]},"o":{"x":[0.333],"y":[0]},"t":362,"s":[21.683]},{"t":374.0400390625,"s":[-34.317]}],"ix":4}},"a":{"a":0,"k":[53,-38,0],"ix":1,"l":2},"s":{"a":1,"k":[{"i":{"x":[0.833,0.833,0.833],"y":[0.833,0.833,0.833]},"o":{"x":[0.167,0.167,0.167],"y":[0.167,0.167,0.167]},"t":385,"s":[100,100,100]},{"t":541,"s":[110,110,100]}],"ix":6,"l":2}},"ao":0,"ip":333,"op":540,"st":333,"bm":0}],"markers":[]}